title,channel_name,video_url,status
The Birth of a Conscience – Gandhis Early Years,English Story World,,Failed
The Birth of a Conscience – Gandhis Early Years,English Story World,,Failed
The Birth of a Conscience – Gandhis Early Years,English Story World,,Failed
The Birth of a Conscience – Gandhis Early Years,English Story World,,Failed
The Birth of a Conscience – Gandhis Early Years,English Story World,,Failed
The Birth of a Conscience – Gandhis Early Years,English Story World,,Failed
The Birth of a Conscience – Gandhis Early Years,English Story World,,Failed
The Birth of a Conscience – Gandhis Early Years,English Story World,,Failed
The Birth of a Conscience – Gandhis Early Years,English Story World,,Failed
The Birth of a Conscience – Gandhis Early Years,English Story World,,Failed
The Birth of a Conscience – Gandhis Early Years,English Story World,,Failed
The Birth of a Conscience – Gandhis Early Years,English Story World,,Failed
The Birth of a Conscience – Gandhis Early Years,English Story World,,Failed
The Birth of a Conscience – Gandhis Early Years,English Story World,,Failed
The Birth of a Conscience – Gandhis Early Years,English Story World,,Failed
The Birth of a Conscience – Gandhis Early Years,English Story World,,Failed
The Birth of a Conscience – Gandhis Early Years,English Story World,,Failed
The Birth of a Conscience – Gandhis Early Years,English Story World,,Failed
The Birth of a Conscience – Gandhis Early Years,English Story World,,Failed
The Birth of a Conscience – Gandhis Early Years,English Story World,,Failed
The Birth of a Conscience – Gandhis Early Years,English Story World,,Failed
The Birth of a Conscience – Gandhis Early Years,English Story World,,Failed
The Birth of a Conscience – Gandhis Early Years,English Story World,,Failed
The Birth of a Conscience – Gandhis Early Years,English Story World,https://www.youtube.comhttps://youtube.com/shorts/E1W6vScPnKk,Success
The Birth of a Conscience – Gandhis Early Years,English Story World,,Failed
The Birth of a Conscience – Gandhis Early Years,English Story World,,Failed
The Birth of a Conscience – Gandhis Early Years,English Story World,,Failed
The Birth of a Conscience – Gandhis Early Years,English Story World,https://youtube.com/shorts/usdE0ilmhTQ,Success
The Birth of a Conscience – Gandhis Early Years,English Story World,,Failed
The Birth of a Conscience – Gandhis Early Years,English Story World,,Failed
The Birth of a Conscience – Gandhis Early Years,English Story World,https://youtube.com/shorts/s9vR-FH_prA,Success
